,id,city,country,lat,lon,date,temperature,humidity,cloudiness,wind speed
1,3631878,Moron,VE,10.49,10.49,1522958400,89.6,52,40,10.29
2,532664,Lysyye Gory,RU,51.55,51.55,1522959955,19.93,79,0,2.82
4,1254727,Terdal,IN,16.49,16.49,1522959925,72.13,72,36,4.61
9,507427,Pokrovskoye,RU,47.41,47.41,1522959935,42.43,71,56,2.71
13,2025261,Chulman,RU,56.84,56.84,1522959799,7.78,69,48,8.08
17,3923015,Boyuibe,BO,-20.43,-20.43,1522958400,82.4,61,75,8.75
20,1623197,Tual,ID,-5.67,-5.67,1522959790,82.03,100,24,5.06
24,516801,Novyy Yegorlyk,RU,46.39,46.39,1522959956,43.06,90,0,7.74
26,5742974,North Bend,US,43.41,43.41,1522958160,54.36,82,90,8.05
42,1629380,Ruteng,ID,-8.61,-8.61,1522959841,67.36,88,0,2.93
47,694382,Rozsypne,UA,48.13,48.13,1522959958,42.7,73,56,2.93
61,2111704,Namie,JP,37.52,37.52,1522959863,49.72,96,76,2.15
93,477940,Ust-Tsilma,RU,65.44,65.44,1522959762,27.67,86,64,5.28
98,934900,Nsoko,ZA,-27.07,-27.07,1522959962,73.3,73,68,3.94
101,3843123,Neuquen,AR,-38.95,-38.95,1522959631,64.3,22,64,11.77
102,3427208,Pilar,AR,-34.46,-34.46,1522954800,84.16,40,40,8.05
108,1510689,Baykit,RU,61.68,61.68,1522959933,25.06,88,80,8.3
109,3526766,Isla Aguada,MX,18.78,18.78,1522957920,89.6,55,20,9.17
111,2295684,Salaga,GH,8.55,8.55,1522959764,81.85,82,8,3.27
112,5572979,Merrill,US,42.03,42.03,1522957980,51.8,53,90,16.11
117,3948642,Matara,PE,-13.74,-13.74,1522954800,57.2,54,40,2.37
118,3395458,Maragogi,BR,-9.01,-9.01,1522959735,79.96,85,92,9.19
120,2020738,Litovko,RU,49.24,49.24,1522959775,14.08,56,0,3.6
121,187725,Maralal,KE,1.1,1.1,1522959877,57.91,98,76,2.59
123,1790894,Wuxue,CN,29.85,29.85,1522959776,49.09,100,36,4.61
125,1267394,Kavali,IN,14.91,14.91,1522959905,73.93,93,0,6.73
128,1260120,Pathri,IN,19.26,19.26,1522959868,71.5,67,8,6.4
135,2638419,Scarborough,GB,54.28,54.28,1522957800,47.1,82,44,4.7
152,4683416,Corpus Christi,US,27.8,27.8,1522958220,77.23,69,90,16.11
158,4156404,Gainesville,US,29.65,29.65,1522958100,76.37,34,1,9.17
160,537541,Kvarkeno,RU,52.08,52.08,1522959769,32.98,98,92,2.26
168,3464364,Ecoporanga,BR,-18.37,-18.37,1522959658,82.39,62,56,5.61
188,2512186,Puerto del Rosario,ES,28.5,28.5,1522958400,63.39,59,20,14.99
194,3354071,Oranjemund,ZA,-28.55,-28.55,1522959779,62.05,100,92,8.41
213,582447,Almaznyy,RU,48.03,48.03,1522959939,42.34,86,8,3.94
216,1263751,Mangrol,IN,25.33,25.33,1522959919,75.73,29,0,9.75
238,787718,Negotin,RS,44.23,44.23,1522959971,59.26,72,92,3.15
247,3467747,Parati,BR,-20.51,-20.51,1522958400,84.2,54,75,10.29
250,3352593,Tsumeb,NA,-19.25,-19.25,1522959910,61.87,100,88,4.72
252,5919915,Chapleau,CA,47.85,47.85,1522958400,30.2,46,75,13.87
253,778707,Mehamn,NO,71.03,71.03,1522957800,27.28,85,75,13.87
265,1183307,Barkhan,PK,29.9,29.9,1522959943,55.66,66,12,1.25
267,3840092,Puerto Madryn,AR,-42.77,-42.77,1522959773,63.31,60,0,20.27
275,5975004,High Level,CA,58.52,58.52,1522958400,14,43,5,4.7
277,6175059,Wainwright,CA,52.84,52.84,1522959918,9.85,90,24,12.21
281,371745,Kutum,SD,14.2,14.2,1522959848,63.67,24,0,9.53
292,5528450,Plainview,US,34.18,34.18,1522958100,80.08,9,1,5.82
294,3177120,Can,IT,46.08,46.08,1522958100,54.54,87,40,5.82
299,3450554,Salvador,BR,-12.98,-12.98,1522958400,82.4,74,20,11.41
303,5859699,College,US,64.86,64.86,1522958280,33.8,37,20,13.87
310,3081699,Wloszczowa,PL,50.85,50.85,1522959913,54.31,68,88,11.77
318,2397674,Ndjole,GA,-0.18,-0.18,1522959946,72.13,100,88,3.38
324,162158,Baherden,TM,38.44,38.44,1522959777,45.13,97,56,4.16
340,2757220,Den Helder,NL,52.96,52.96,1522958100,39.87,86,90,6.93
343,161901,Kaka,TM,37.35,37.35,1522959891,39.73,100,100,3.49
348,877670,Namalenga,TZ,-10.95,-10.95,1522959778,72.76,92,24,3.94
351,2164206,Gunnedah,AU,-30.98,-30.98,1522958400,55.4,76,0,2.59
354,3531368,Celestun,MX,20.87,20.87,1522959863,79.78,93,20,21.27
360,6122085,Richmond,CA,49.16,49.16,1522958400,47.3,93,90,6.93
361,609919,Kuryk,KZ,43.18,43.18,1522959883,42.43,93,0,4.5
372,3687505,La Palma,CO,5.36,5.36,1522959894,74.29,80,56,2.71
377,2136697,Lakatoro,VU,-16.11,-16.11,1522959780,79.24,100,24,4.16
380,3663517,Manaus,BR,-3.13,-3.13,1522959816,81.13,87,56,3.38
382,5909294,Brockville,CA,44.59,44.59,1522958160,30.63,29,40,10.29
389,2077895,Alice Springs,AU,-23.7,-23.7,1522958400,59,51,0,4.7
391,1486910,Komsomolskiy,RU,67.55,67.55,1522959948,-7.16,60,24,6.96
393,3444176,Robore,BO,-18.33,-18.33,1522954800,91.4,59,40,3.71
396,4569067,Aiken,US,33.56,33.56,1522958160,66.22,20,1,5.84
404,2221046,Madimba,CM,4.42,4.42,1522958400,78.8,100,75,2.26
408,6185021,Wynyard,CA,51.77,51.77,1522959980,8.59,89,32,18.59
414,3457147,Mineiros,BR,-17.57,-17.57,1522959783,75.1,98,76,2.93
419,1899102,Nagato,JP,34.35,34.35,1522957260,58.48,93,75,12.75
423,3731095,Aquin,HT,18.28,18.28,1522959783,79.78,100,8,7.18
426,2185763,Okato,NZ,-39.19,-39.19,1522959898,63.31,100,0,7.74
429,2712414,Gavle,SE,60.67,60.67,1522959889,38.38,92,80,7.52
430,202068,Kibaya,RW,-2.2,-2.2,1522958400,66.2,88,75,3.36
432,3893656,Copiapo,CL,-27.37,-27.37,1522954800,66.2,63,20,6.93
434,3515902,Tepeapulco,MX,19.78,19.78,1522957500,77,23,40,6.93
437,2157373,Mittagong,AU,-34.45,-34.45,1522958400,66.2,93,90,9.17
438,3182958,Apricena,IT,41.78,41.78,1522958100,50,87,20,9.17
441,2121197,Sinegorye,RU,62.09,62.09,1522959983,21.82,88,44,2.37
445,1808534,Helong,CN,25.94,25.94,1522959993,53.77,98,92,5.28
453,6173864,Vernon,CA,50.27,50.27,1522958400,41,80,90,3.36
468,5379439,Ontario,US,34.07,34.07,1522958280,68.27,53,90,6.93
473,5363208,King City,US,36.21,36.21,1522957980,66.2,32,20,5.82
486,6453331,Rensvik,NO,63.1,63.1,1522957800,33.01,100,90,9.17
498,2019912,Mogocha,RU,53.73,53.73,1522959787,9.58,57,0,5.61
5,3855065,General Roca,AR,-39.03,-39.03,1522959797,64.3,22,64,11.77
10,1492517,Shadrinsk,RU,56.09,56.09,1522959789,28.03,90,88,3.15
34,3450083,Santa Maria,BR,-29.69,-29.69,1522954800,82.4,58,40,4.7
40,146639,Lasa,CY,34.92,34.92,1522958400,57.63,66,0,5.82
46,2174444,Bowen,AU,-20.01,-20.01,1522954800,71.6,83,92,4.7
51,779330,Kautokeino,NO,69.01,69.01,1522959968,19.03,86,56,2.48
52,5506956,Las Vegas,US,36.17,36.17,1522958160,79.29,14,75,6.93
60,1810979,Fuling,CN,29.71,29.71,1522959960,51.43,100,92,3.15
62,1524801,Shieli,KZ,44.18,44.18,1522959792,50.08,60,44,10.98
63,2646088,Inverness,GB,57.48,57.48,1522957800,39.2,89,0,3.36
69,6088469,Nipawin,CA,53.36,53.36,1522959300,6.8,50,75,17.22
74,2059470,Victor Harbor,AU,-35.55,-35.55,1522958400,57.2,82,20,5.82
77,1653316,Savannakhet,TH,16.57,16.57,1522959793,75.73,90,24,0.25
83,1218436,Sayat,TM,38.78,38.78,1522954800,59,51,0,16.11
84,2520709,Burriana,ES,39.89,39.89,1522958400,60.8,67,0,5.82
87,1795857,Shaowu,CN,27.34,27.34,1522959961,51.61,100,100,2.37
96,943032,Volksrust,ZA,-27.36,-27.36,1522959794,58.09,85,12,4.72
99,4372777,Vardo,US,39.62,39.62,1522959300,47.98,31,20,16.11
106,2014718,Tynda,RU,55.15,55.15,1522959963,13.63,60,76,8.41
113,654901,Kajaani,FI,64.22,64.22,1522957800,35.6,100,90,6.93
127,584087,Afrikanda,RU,67.44,67.44,1522959796,30.28,98,88,2.59
131,3404558,Cabedelo,BR,-6.97,-6.97,1522954800,84.2,70,40,11.41
134,3388847,Sao Felix do Xingu,BR,-6.64,-6.64,1522959796,77.08,90,64,3.38
137,573338,Bolshoye Selo,RU,57.72,57.72,1522959878,34.87,87,80,12.77
138,2294915,Takoradi,GH,4.89,4.89,1522959797,81.31,99,0,5.39
141,1168749,Nushki,PK,29.55,29.55,1522959838,67.45,26,100,1.7
142,3579250,Grand-Bourg,GP,15.88,15.88,1522958400,83.66,69,40,10.29
145,4013724,Camargo,MX,27.69,27.69,1522959807,86.44,16,0,4.72
147,214614,Kamina,CD,-8.74,-8.74,1522959975,68.71,90,68,1.92
148,1253628,Lata,IN,30.78,30.78,1522959943,45.49,91,32,2.04
151,3667070,Timbiqui,CO,2.77,2.77,1522959808,73.75,100,88,4.38
164,1489401,Toora-Khem,RU,52.47,52.47,1522959799,2.38,67,0,2.26
175,1524296,Esil,KZ,51.96,51.96,1522959935,35.77,94,68,12.77
179,3037899,Ambon,FR,47.55,47.55,1522958400,48.2,81,20,3.36
181,6186122,Wiarton,CA,44.74,44.74,1522958400,30.2,54,20,11.41
185,1492566,Severo-Yeniseyskiy,RU,60.37,60.37,1522959908,29.65,77,92,7.85
190,2345521,Damaturu,NG,11.75,11.75,1522959937,78.07,23,20,7.96
199,2240449,Luanda,AO,-8.83,-8.83,1522958400,82.4,74,20,5.82
207,6166142,Thunder Bay,CA,48.41,48.41,1522958400,32,47,75,14.99
209,3663142,Novo Aripuana,BR,-5.12,-5.12,1522959898,81.13,86,76,2.26
224,6113335,Prince Albert,CA,53.2,53.2,1522958400,6.8,46,75,18.34
242,4920577,Galveston,US,40.58,40.58,1522959300,41.92,48,90,7.63
243,1644605,Galesong,ID,-5.32,-5.32,1522958400,77,100,20,2.24
244,3901903,Uyuni,BO,-20.46,-20.46,1522959941,58.63,11,0,8.08
266,4267733,Atchison,US,39.56,39.56,1522957980,63.27,29,1,14.99
278,2236967,Soyo,AO,-6.13,-6.13,1522959877,79.06,88,88,3.71
279,5088597,Lebanon,US,43.64,43.64,1522958160,35.24,19,20,13.87
297,2027173,Balyaga,RU,51.15,51.15,1522959820,4.72,71,0,2.82
298,1630639,Pringsewu,ID,-5.36,-5.36,1522959811,72.94,91,8,2.15
300,3513563,Kralendijk,BQ,12.15,12.15,1522958100,84.2,66,75,16.11
301,304797,Mardin,TR,37.32,37.32,1522958400,59,28,0,11.41
304,741609,Merzifon,TR,40.87,40.87,1522957800,48.2,76,0,1.12
306,1512019,Aksarka,RU,66.56,66.56,1522959812,0.04,87,64,13.11
312,1507636,Chunskiy,RU,56.08,56.08,1522959954,16.06,71,32,3.15
313,3870243,Taltal,CL,-25.41,-25.41,1522959975,64.39,69,0,2.37
317,1732711,Pontian Kecil,MY,1.48,1.48,1522958400,78.84,100,75,1.12
319,544896,Korenovsk,RU,45.46,45.46,1522956600,48.2,70,0,8.95
329,2017658,Preobrazheniye,RU,42.9,42.9,1522959923,26.68,76,92,2.15
330,340358,Dabat,ET,12.98,12.98,1522959914,60.16,62,100,2.26
334,1174872,Karachi,PK,24.87,24.87,1522956300,78.8,69,0,5.82
335,1682474,Ternate,PH,14.29,14.29,1522958400,78.8,83,40,4.7
353,1725582,Lopez Jaena,PH,16.43,16.43,1522959815,70.33,99,92,2.15
355,5681948,Fallon,US,46.84,46.84,1522954560,30.2,46,20,18.34
356,4513805,Harrison,US,39.26,39.26,1522958100,47.84,31,90,5.82
362,2743095,Alfena,PT,41.24,41.24,1522958400,56.61,76,0,11.41
363,6943825,Bonaventure,CA,48.04,48.04,1522954800,24.8,49,75,28.86
376,6113406,Prince Rupert,CA,54.32,54.32,1522958400,41,65,90,14.99
388,3140301,Sandnessjoen,NO,66.02,66.02,1522957800,35.06,86,75,4.7
390,2126682,Bilibino,RU,68.06,68.06,1522959816,24.34,81,56,2.71
395,3455065,Paranaiba,BR,-19.68,-19.68,1522959817,84.64,51,0,3.83
398,2980080,Saint-Francois,FR,46.42,46.42,1522958400,44.6,70,0,3.36
399,7303783,Sydney Mines,CA,46.24,46.24,1522958400,39.2,51,75,19.46
400,145531,Saurimo,AO,-9.66,-9.66,1522959989,62.23,93,8,2.59
402,504187,Puksoozero,RU,62.59,62.59,1522959818,39.28,97,92,11.65
410,6138501,Saint-Jerome,CA,45.78,45.78,1522958400,25.43,35,20,14.99
411,101312,Turayf,SA,31.68,31.68,1522958400,62.6,12,0,11.41
417,3872395,Las Cruces,CL,-33.5,-33.5,1522958400,63.28,77,0,13.87
420,2034600,Taikang,CN,46.86,46.86,1522959829,24.61,54,44,12.21
425,3138127,Smestad,NO,59.94,59.94,1522957800,35.6,80,20,6.93
443,5864145,Homer,US,59.64,59.64,1522957980,39.11,56,90,4.7
446,1273648,Dalhousie,IN,32.54,32.54,1522959890,51.7,66,48,1.81
449,3664539,Coari,BR,-4.09,-4.09,1522959891,81.13,88,44,3.38
452,1262296,Nadbai,IN,27.22,27.22,1522959892,73.93,58,24,6.17
462,1691355,Sabang,PH,13.72,13.72,1522959920,74.38,100,100,7.07
466,1605279,Trat,TH,12.25,12.25,1522959921,78.88,100,32,3.04
467,3696267,Huicungo,PE,-7.28,-7.28,1522958400,91.4,55,40,2.59
474,3622716,Nicoya,CR,10.15,10.15,1522958400,95,34,20,5.82
479,140463,Birjand,IR,32.86,32.86,1522954800,66.2,22,75,4.7
483,3648546,Barinas,VE,8.64,8.64,1522958400,89.6,55,75,4.61
491,186180,Moyale,ET,3.52,3.52,1522959924,62.86,96,24,3.83
495,1505991,Igarka,RU,67.47,67.47,1522959988,-1.13,80,0,14.79
496,2022369,Kholtoson,RU,50.3,50.3,1522959924,-3.56,55,0,2.37
0,541844,Krasnyy Bogatyr,RU,56.01,56.01,1522959826,27.31,71,8,7.52
8,5024237,Callaway,US,46.98,46.98,1522959300,25.84,79,40,6.96
16,3144987,Beisfjord,NO,68.38,68.38,1522957800,30.2,80,40,2.24
19,789988,Mana,RS,43.52,43.52,1522958400,49.77,87,75,2.24
29,2178174,Albury,AU,-36.08,-36.08,1522958400,44.04,87,0,0.69
32,3696183,Iquitos,PE,-3.75,-3.75,1522954800,89.6,59,75,5.82
38,1270265,Harur,IN,12.06,12.06,1522959870,66.55,95,0,2.71
48,7647007,San Carlos de Bariloche,AR,-41.13,-41.13,1522954800,48.2,45,40,17.22
53,2669047,Timra,SE,62.49,62.49,1522957800,32.77,98,90,1.12
64,5136454,Schenectady,US,42.81,42.81,1522958040,34.99,27,75,28.86
67,4944903,Nantucket,US,41.28,41.28,1522956900,43.2,26,1,21.92
73,5821593,Cody,US,44.53,44.53,1522958160,30.2,86,75,14.99
107,2966778,Ballina,IE,54.11,54.11,1522956600,44.6,75,90,21.92
110,3670419,Catalina,CO,8.86,8.86,1522958400,91.4,55,40,9.17
115,2127154,Aniva,RU,46.71,46.71,1522956600,17.6,92,0,6.71
126,4069458,Wagar,US,31.44,31.44,1522959905,72.58,26,0,3.6
129,1090467,Boueni,YT,-12.9,-12.9,1522958400,80.6,88,32,4.7
143,150099,Sepuka,TZ,-4.75,-4.75,1522959838,58.99,90,8,5.17
144,3571913,Marsh Harbour,BS,26.54,26.54,1522959907,73.66,100,44,10.98
146,3465713,Conde,BR,-11.81,-11.81,1522959838,82.66,75,8,9.19
161,6957977,Zhoucheng,CN,31.35,31.35,1522959839,44.5,97,92,9.42
166,901766,Namwala,ZM,-15.75,-15.75,1522959917,68.62,89,24,6.96
171,2447513,Arlit,NE,18.74,18.74,1522959935,74.29,17,0,6.4
172,1856057,Nakamura,JP,35.17,35.17,1522956840,58.15,93,75,2.24
176,695826,Rakiv Lis,UA,51.62,51.62,1522959908,52.78,80,48,6.4
198,522260,Nikel,NO,69.41,69.41,1522957800,30.2,80,75,5.82
202,3877918,Ovalle,CL,-30.6,-30.6,1522959968,65.74,88,36,3.94
205,3407882,Altamira,BR,-3.2,-3.2,1522959837,79.6,83,80,3.6
220,2128815,Obihiro,JP,42.92,42.92,1522959969,26.05,69,88,2.71
226,215527,Kabinda,CD,-6.14,-6.14,1522959874,70.24,83,8,3.83
227,1864009,Fukuchiyama,JP,35.32,35.32,1522959852,58.63,91,12,12.44
231,3838233,Humaita,AR,-24.93,-24.93,1522954800,81.03,50,20,5.82
234,338832,Dire Dawa,ET,9.59,9.59,1522959844,58.81,92,24,2.71
236,6160362,Swan River,CA,52.11,52.11,1522959844,11.29,74,44,10.09
241,895269,Beitbridge,ZA,-22.21,-22.21,1522959876,76.81,68,76,9.42
245,5820705,Casper,US,42.87,42.87,1522957980,48.2,34,20,12.75
246,3697838,Contamana,PE,-7.35,-7.35,1522959845,89.86,56,0,4.94
255,3992212,Poncitlan,MX,20.37,20.37,1522957260,84.2,9,5,5.82
256,543246,Kozhva,RU,65.11,65.11,1522959846,24.25,88,68,3.04
261,141736,Bam,IR,29.11,29.11,1522959855,65.38,32,0,6.4
271,1737714,Limbang,BN,4.75,4.75,1522958400,80.6,88,75,1.12
273,3126369,Carballo,ES,43.21,43.21,1522958400,54.41,58,0,9.17
276,2527089,Tiznit,MA,29.7,29.7,1522959973,59.89,91,36,5.39
284,6144195,Senneterre,CA,48.39,48.39,1522958400,19.4,44,20,9.17
285,3464724,Diamantino,BR,-14.4,-14.4,1522959849,79.78,93,44,1.7
286,2331447,Maiduguri,NG,11.84,11.84,1522959944,78.16,21,20,7.4
296,2893264,Kamp-Lintfort,DE,51.5,51.5,1522958100,39.61,65,0,4.7
315,3037352,Apt,FR,43.88,43.88,1522958400,55.76,50,0,3.36
316,4145381,Wilmington,US,39.75,39.75,1522958100,44.62,31,20,19.46
326,5528182,Pecos,US,31.42,31.42,1522958100,87.8,10,1,5.82
328,1272596,Digras,IN,20.1,20.1,1522959975,77.71,55,12,10.65
331,2123979,Kurilsk,RU,45.23,45.23,1522959851,30.91,89,32,14.23
333,2015852,Svetlaya,RU,46.54,46.54,1522959975,29.38,100,56,9.08
336,2033536,Yakeshi,CN,49.28,49.28,1522959862,10.21,63,0,6.62
349,6354895,Rimouski,CA,48.45,48.45,1522958400,17.6,67,90,27.51
367,3456450,Laje,BR,-13.18,-13.18,1522959977,80.14,56,0,8.63
370,3446400,Tobias Barreto,BR,-11.19,-11.19,1522959946,84.37,53,44,8.41
373,1507873,Chik,RU,54.99,54.99,1522956600,26.6,49,0,2.24
397,3837213,Rivadavia,AR,-31.53,-31.53,1522959948,71.68,29,0,9.19
406,3392431,Pedro II,BR,-4.43,-4.43,1522959887,76.27,94,56,3.38
427,1621313,Ambulu,ID,-8.35,-8.35,1522959856,77.71,100,0,2.71
458,1684803,Tabuk,PH,17.41,17.41,1522959867,63.76,99,36,1.59
470,3691954,Sechura,PE,-5.56,-5.56,1522959922,78.16,69,56,11.43
472,3580733,Bodden Town,KY,19.28,19.28,1522958400,84.2,74,40,9.17
477,3381428,Iracoubo,GF,5.48,5.48,1522959953,80.41,74,100,4.72
480,5380437,Pacific Grove,US,36.62,36.62,1522958100,64.42,9,1,5.82
484,2094144,Kerema,PG,-7.96,-7.96,1522959868,72.13,100,76,2.93
493,3359736,Vredendal,ZA,-31.68,-31.68,1522959997,53.5,89,56,2.71
3,6065191,Altamont,CA,49.4,49.4,1522958400,25.93,57,75,3.36
27,1515029,Ulaangom,MN,49.98,49.98,1522959908,-3.92,64,0,1.14
28,2249901,Gat,SN,14.69,14.69,1522954800,91.4,43,0,9.17
39,1487332,Verkhnyaya Inta,RU,65.99,65.99,1522959900,22.09,80,80,2.71
49,3897774,Buin,CL,-33.73,-33.73,1522958400,76.1,34,0,11.41
50,2414079,Yomou,GN,7.57,7.57,1522959911,69.16,100,92,1.03
59,2447416,Ayorou,NE,14.73,14.73,1522959960,82.84,12,24,8.41
66,712587,Belogorsk,UA,45.06,45.06,1522959903,40.27,96,12,3.27
75,140951,Behbahan,IR,30.59,30.59,1522954800,70.57,57,56,2.24
76,2435708,Beinamar,TD,8.67,8.67,1522959874,73.03,89,56,3.6
82,933734,Gweta,BW,-20.21,-20.21,1522959930,66.73,89,92,3.49
91,1283285,Jumla,NP,29.28,29.28,1522959866,30.55,87,0,2.37
100,668297,Diosig,RO,47.31,47.31,1522958400,56.35,82,68,8.05
124,1217007,Koson,UZ,39.04,39.04,1522956600,62.6,45,0,11.41
153,1259110,Qadian,IN,31.82,31.82,1522956600,73.4,73,36,3.15
169,1855612,Nara,JP,34.68,34.68,1522956600,60.8,87,75,1.12
184,3357247,Gobabis,NA,-22.45,-22.45,1522958400,69.8,64,0,3.36
186,2129218,Yoichi,JP,43.19,43.19,1522959872,30.91,100,80,4.94
187,3689611,Nechi,CO,5.59,5.59,1522959946,71.68,87,80,2.04
203,2332515,Lafia,NG,8.5,8.5,1522959977,81.49,64,8,9.08
214,1524606,Derzhavinsk,KZ,51.1,51.1,1522959874,36.22,96,88,12.55
229,3685702,Cravo Norte,CO,6.3,6.3,1522959884,86.08,53,76,6.06
232,1120879,Sharan,AF,33.15,33.15,1522959875,37.21,85,0,1.92
237,4000900,La Paz,MX,24.15,24.15,1522957200,87.8,12,20,10.29
264,923058,Kambove,CD,-10.88,-10.88,1522959972,61.06,94,8,2.93
274,3386177,Trairi,BR,-3.28,-3.28,1522959877,82.12,100,24,7.07
280,2654970,Brae,GB,60.4,60.4,1522957800,36.88,80,68,5.82
282,1690438,San Andres,PH,13.32,13.32,1522959887,78.61,100,0,12.44
289,5905393,Bonavista,CA,48.65,48.65,1522959879,39.64,78,88,17.47
290,3723779,Jacmel,HT,18.24,18.24,1522959889,78.97,100,0,4.16
291,3979647,Zirandaro,MX,18.45,18.45,1522959889,97.96,27,0,3.49
305,2013216,Vysokogornyy,RU,50.1,50.1,1522959880,6.43,74,0,3.71
323,601551,Akdepe,TM,42.05,42.05,1522956600,50.63,52,0,2.82
342,3141667,Roald,NO,62.58,62.58,1522957800,33.8,100,75,6.93
358,2851077,Nassau,DE,51.17,51.17,1522957800,44.6,70,75,10.29
368,4031742,Egvekinot,RU,66.32,66.32,1522959883,3.73,79,12,12.77
369,3103556,Bialogard,PL,54.01,54.01,1522959893,48.64,73,68,16.24
374,497547,Selty,RU,57.31,57.31,1522959916,26.95,88,0,6.17
375,1150515,Surat Thani,TH,9.14,9.14,1522959916,73.93,100,64,2.59
386,3356213,Khorixas,NA,-20.37,-20.37,1522959886,71.59,61,48,5.84
401,3835994,Santa Rosa,AR,-36.62,-36.62,1522959727,65.83,31,100,9.31
413,499987,Rybnaya Sloboda,RU,55.46,55.46,1522956600,33.8,59,0,6.71
433,2035225,Ranghulu,CN,46.63,46.63,1522959889,23.98,37,32,10.98
450,3128760,Horta,ES,41.43,41.43,1522958400,56.32,82,20,4.83
451,5232637,Volga,US,44.32,44.32,1522959300,38.82,64,1,13.87
454,1715015,Dicabisagan,PH,17.08,17.08,1522959892,71.86,100,92,2.82
456,5983607,Inuvik,CA,68.36,68.36,1522958400,5.4,55,5,6.93
461,551846,Kaspiyskiy,RU,45.39,45.39,1522959893,38.38,100,0,3.15
463,3448207,Sao Sepe,BR,-30.16,-30.16,1522954800,82.4,58,40,4.7
475,5147097,Berea,US,41.37,41.37,1522958160,41,45,75,17.22
481,233093,Kaabong,UG,3.51,3.51,1522959896,60.79,91,76,2.48
485,1278775,Amla,IN,21.92,21.92,1522959896,72.58,41,24,4.38
497,178522,Voi,KE,-3.4,-3.4,1522959955,69.88,90,56,4.72
14,1630639,Mataram,ID,-5.32,-5.32,1522959804,72.94,91,8,2.15
35,1255647,Srikakulam,IN,18.29,18.29,1522959909,82.57,99,0,15.12
44,3348313,Huambo,AO,-12.78,-12.78,1522959900,61.69,99,80,2.59
57,2455735,Kangaba,ML,11.94,11.94,1522959960,84.64,45,0,7.07
65,2985947,Porto-Vecchio,FR,41.59,41.59,1522958400,52.97,81,0,16.11
80,3130607,Valer,ES,41.76,41.76,1522959930,47.38,64,0,9.64
89,527321,Mezen,RU,65.85,65.85,1522959932,35.23,87,88,6.62
90,2425791,Kibala,TD,9.11,9.11,1522958400,89.6,38,0,9.98
95,698438,Ordzhonikidze,UA,44.96,44.96,1522959932,45.94,93,32,2.37
103,3981432,Todos Santos,MX,23.45,23.45,1522957680,85.44,28,40,11.41
104,143534,Mahmudabad,IR,36.63,36.63,1522954800,51.8,93,0,2.24
116,1490655,Sumkino,RU,58.11,58.11,1522959964,28.48,89,88,5.73
133,2259655,Impfondo,CD,1.62,1.62,1522959974,71.41,100,64,2.48
163,5598538,Lewiston,US,46.42,46.42,1522958160,51.66,81,90,10.29
211,893549,Chipinge,ZW,-20.19,-20.19,1522959969,70.78,93,36,3.38
223,2023226,Kamen-Rybolov,RU,44.75,44.75,1522959647,26.41,83,48,2.59
257,542463,Krasnoarmeysk,RU,56.12,56.12,1522956600,41,90,0,6.71
258,4004293,Ixtapa,MX,20.71,20.71,1522957560,78.8,61,5,10.29
262,2189343,Kaeo,NZ,-35.1,-35.1,1522959921,63.94,81,0,5.61
272,1314759,Lashio,MM,22.93,22.93,1522959921,60.34,78,0,1.81
287,5699404,Scottsbluff,US,41.87,41.87,1522957980,57.04,33,1,16.11
327,1485312,Zdvinsk,RU,54.7,54.7,1522959923,22.81,82,0,10.42
337,2255564,Ouesso,CG,1.61,1.61,1522959914,71.86,99,64,3.04
344,1254046,Tura,IN,25.52,25.52,1522959985,65.83,97,92,3.71
347,4618057,Dickson,US,36.08,36.08,1522958160,54.68,26,1,3.94
442,1854246,Okuchi,JP,32.07,32.07,1522959919,61.33,90,88,5.17
447,3572375,Freeport,BS,26.54,26.54,1522958400,78.8,74,75,8.05
459,1253628,Ginda,IN,30.69,30.69,1522959920,45.49,91,32,2.04
464,3401148,Cururupu,BR,-1.82,-1.82,1522959952,79.78,88,44,3.83
482,1640972,Katobu,ID,-4.94,-4.94,1522959954,81.58,99,48,2.59
489,1267819,Karauli,IN,26.5,26.5,1522959923,70.24,62,8,5.28
7,204405,Uvira,CD,-3.41,-3.41,1522959925,62.41,100,56,2.59
23,2125693,Evensk,RU,61.92,61.92,1522959926,26.77,86,0,15.68
25,1268008,Kanniyakumari,IN,8.08,8.08,1522959926,85.18,100,8,8.41
33,2120261,Uglegorsk,RU,49.08,49.08,1522959936,16.69,79,0,2.15
41,2650328,Bexhill,GB,50.84,50.84,1522957800,42.89,75,36,8.05
43,2347758,Bara,NG,10.41,10.41,1522959928,75.82,34,0,4.27
55,158024,Kibakwe,TZ,-6.71,-6.71,1522959959,65.47,92,12,2.93
71,2013375,Vitim,RU,59.44,59.44,1522959929,13.81,73,64,5.06
79,650705,Kalevala,FI,64.12,64.12,1522959939,40.09,94,92,7.63
86,1622318,Waingapu,ID,-9.65,-9.65,1522959941,67.99,97,0,2.82
130,1735902,Sibu,MY,2.29,2.29,1522958400,75.2,100,75,2.24
157,4535961,Enid,US,36.4,36.4,1522958160,69.8,35,20,9.17
159,1529651,Altay,CN,47.83,47.83,1522959934,3.73,52,0,2.15
162,5983430,Innisfail,CA,52.02,52.02,1522958400,15.8,47,20,10.29
183,3863379,Lujan,AR,-46.57,-46.57,1522959936,55.75,28,76,11.21
200,3401845,Conceicao do Araguaia,BR,-8.26,-8.26,1522958400,89.6,59,40,3.38
210,3397967,Itaituba,BR,-4.26,-4.26,1522958400,80.6,88,75,3.71
212,3388456,Sao Jose da Coroa Grande,BR,-8.9,-8.9,1522959978,79.96,85,92,9.19
230,1512979,Mangit,UZ,40.6,40.6,1522956600,59,51,0,6.93
240,3440963,Progreso,UY,-34.68,-34.68,1522958400,80.29,69,0,8.05
259,2319133,Warri,NG,5.52,5.52,1522959942,80.77,77,12,8.75
260,1512101,Agirish,RU,61.92,61.92,1522959951,22.45,79,56,3.38
269,4120524,Marion,US,35.21,35.21,1522959300,59.02,41,90,9.17
270,7082481,Khuzdar,PK,27.8,27.8,1522959973,53.59,84,36,0.92
309,5354943,Half Moon Bay,US,37.46,37.46,1522958400,62.26,54,75,5.82
311,2038067,Chifeng,CN,42.27,42.27,1522959945,22.72,82,92,16.69
385,3870282,Talcahuano,CL,-36.72,-36.72,1522954800,64.4,52,0,13.87
416,927643,Machinga,MW,-15.18,-15.18,1522959950,70.24,96,8,3.6
418,1630723,Poso,ID,-1.4,-1.4,1522959950,76.63,100,12,2.37
457,6104820,Pinawa,CA,50.15,50.15,1522959984,22.18,71,32,15.79
460,6542155,Trapani,IT,38.02,38.02,1522958100,56.19,87,40,4.7
465,3453060,Pontes e Lacerda,BR,-15.23,-15.23,1522959985,82.84,80,64,2.93
471,3601874,San Matias,HN,13.97,13.97,1522958400,82.4,37,40,11.41
478,3671337,Puerto Rondon,CO,6.28,6.28,1522959995,84.28,73,24,8.3
490,3583178,San Vicente,SV,13.64,13.64,1522957800,86,58,75,4.7
492,3664659,Carauari,BR,-4.88,-4.88,1522959954,85.18,74,56,2.93
18,372753,Kassala,SD,15.45,15.45,1522959956,68.71,21,0,4.61
36,2265447,Olhao,PT,37.03,37.03,1522958400,60.8,67,0,8.05
56,5287262,Buckeye,US,33.37,33.37,1522958220,86.5,17,1,8.05
68,488635,Nikolayevka,RU,46.73,46.73,1522959960,45.22,77,48,7.18
70,2775020,Judenburg,AT,47.17,47.17,1522957800,43.07,93,32,3.36
114,3577154,Oranjestad,AW,12.52,12.52,1522958400,84.2,74,20,14.99
132,581049,Arkhangelsk,RU,64.54,64.54,1522956600,39.2,80,90,8.95
167,1489962,Tavda,RU,58.04,58.04,1522959965,29.29,95,88,7.96
180,924572,Nsanje,MZ,-16.92,-16.92,1522959967,78.7,74,0,6.4
189,1717103,Columbio,PH,6.63,6.63,1522959976,68.44,100,56,2.37
197,648855,Lapua,FI,62.97,62.97,1522957800,35.6,100,90,4.7
218,2022317,Khor,RU,47.88,47.88,1522959969,13.99,68,0,2.71
233,737021,Zonguldak,TR,41.25,41.25,1522959979,50.98,80,0,2.71
239,2013279,Vostok,RU,46.45,46.45,1522959980,13.18,72,32,2.15
251,2013392,Vilyuysk,RU,63.75,63.75,1522959981,-0.68,67,0,3.27
254,3910094,Monteagudo,BO,-19.8,-19.8,1522958400,82.4,61,75,2.93
283,1028434,Quelimane,MZ,-17.88,-17.88,1522954800,80.6,88,0,8.05
341,3662927,Pauini,BR,-7.71,-7.71,1522959976,81.94,83,12,3.49
350,2633553,Workington,GB,54.64,54.64,1522959976,40.27,88,88,9.98
357,1737486,Bintulu,MY,3.17,3.17,1522958400,77,100,90,2.24
378,3358666,Aranos,NA,-24.14,-24.14,1522959987,71.14,47,76,4.38
387,2025489,Chernigovka,RU,44.34,44.34,1522959978,26.32,83,64,3.71
392,3453420,Planaltina,BR,-15.62,-15.62,1522958400,73.4,78,20,2.24
409,1337618,Manadhoo,MV,5.77,5.77,1522959980,83.2,100,24,2.71
415,1257587,Salur,IN,18.52,18.52,1522959981,68.44,91,0,1.81
436,113659,Tabas,IR,33.6,33.6,1522959982,61.33,34,100,2.48
439,5921525,Mackay,CA,53.65,53.65,1522958400,19.42,44,75,11.41
440,1695357,Bani,PH,15.89,15.89,1522959983,72.31,100,48,3.6
487,1638775,Payo,ID,-3.75,-3.75,1522959986,70.51,96,48,2.71
488,1791888,Jijiang,CN,29.8,29.8,1522956600,48.2,87,75,6.71
